time,Compression Type,Page Size,Cluster Size,Cluster Bunch,accepted,performance(%),size_decrease(%),throughput_increase(%),memory_usage_decrease(%),size(MB),mean_throughput(MB/s),mean_memory_usage,throughput_0,throughput_1,throughput_2,throughput_3,throughput_4,throughput_5,throughput_6,throughput_7,throughput_8,throughput_9,memory_usage_0,memory_usage_1,memory_usage_2,memory_usage_3,memory_usage_4,memory_usage_5,memory_usage_6,memory_usage_7,memory_usage_8,memory_usage_9
23-06-15_12:36:35,lz4,65536,52428800,1,True,0.00,0.00,0.000,0.000,1103485213,1064.613,448536.8,1065.7,1065.6,1064.5,1069.3,1065.9,1064.2,1061.1,1062.6,1063.4,1063.9,448960.0,447928.0,448956.0,448188.0,448692.0,448836.0,448380.0,449016.0,448196.0,448216.0
23-06-15_12:37:23,lz4,65536,41943040,1,True,1.34,-0.00,-0.038,4.063,1103488306,1064.207,430310.8,1063.6,1067.7,1065.7,1060.1,1066.0,1062.1,1064.2,1060.8,1067.5,1064.4,430316.0,430112.0,429612.0,429980.0,431056.0,430452.0,430776.0,430188.0,431252.0,429364.0
23-06-15_12:38:10,lz4,65536,52428800,1,False,0.00,0.00,-0.117,0.118,1103485213,1063.363,448005.6,1061.6,1063.9,1064.9,1061.8,1066.2,1059.9,1059.1,1067.8,1062.8,1065.8,448416.0,448076.0,447992.0,448280.0,447060.0,448540.0,447892.0,447612.0,448264.0,447924.0
23-06-15_12:38:58,lz4,65536,52428800,1,False,-0.13,0.00,-0.578,0.180,1103485213,1058.458,447731.2,1063.0,1058.6,1058.1,1062.1,1061.3,1057.2,1061.5,1056.7,1047.3,1058.7,447620.0,447872.0,447708.0,447184.0,447808.0,447676.0,447992.0,448188.0,447844.0,447420.0
23-06-15_12:39:46,lz4,65536,41943040,2,False,-1.21,-0.00,0.511,-4.127,1103488306,1070.050,467049.6,1069.7,1066.2,1066.2,1072.4,1071.9,1073.1,1072.5,1067.0,1074.7,1066.8,468636.0,467236.0,466340.0,466616.0,467240.0,467540.0,467468.0,466436.0,466268.0,466716.0
23-06-15_12:40:32,lz4,32768,41943040,1,False,-2.50,-0.34,-11.129,3.987,1107272960,946.133,430654.8,946.4,950.9,943.2,943.1,951.8,953.8,945.0,930.7,950.5,945.8,429264.0,430560.0,430640.0,430496.0,430652.0,430428.0,430584.0,430808.0,432148.0,430968.0
23-06-15_12:41:20,lz4,65536,52428800,1,False,-0.03,0.00,-0.189,0.104,1103485213,1062.599,448070.8,1062.3,1064.5,1059.5,1064.8,1061.9,1063.6,1058.7,1064.5,1069.6,1056.5,447772.0,447800.0,448112.0,447836.0,447800.0,448876.0,447400.0,448384.0,448296.0,448432.0
23-06-15_12:42:08,lz4,65536,41943040,2,False,-1.35,-0.00,0.242,-4.297,1103488306,1067.188,467811.6,1061.4,1065.9,1055.9,1067.2,1070.2,1070.6,1071.7,1073.9,1065.3,1069.8,465892.0,467472.0,476672.0,466616.0,466696.0,466812.0,467284.0,466620.0,467088.0,466964.0
23-06-15_12:42:56,lz4,65536,41943040,2,False,-1.29,-0.00,0.433,-4.290,1103488306,1069.222,467781.2,1067.6,1069.4,1068.6,1069.0,1073.1,1070.6,1073.4,1072.4,1067.5,1060.6,466952.0,466436.0,466324.0,467224.0,466156.0,466884.0,466944.0,466588.0,467096.0,477208.0
23-06-15_12:43:47,lz4,131072,41943040,1,True,6.09,0.24,14.670,3.358,1100870052,1220.795,433473.6,1217.4,1225.8,1219.1,1214.9,1217.1,1223.0,1217.0,1227.5,1229.9,1216.2,433096.0,433708.0,433232.0,433676.0,433876.0,433748.0,433684.0,432728.0,433200.0,433788.0
23-06-15_12:44:37,lz4,131072,41943040,2,False,3.51,0.24,14.930,-4.630,1100870052,1223.555,469304.8,1223.5,1227.2,1228.7,1211.7,1227.2,1224.1,1224.2,1226.4,1225.2,1217.5,469480.0,469068.0,469304.0,469496.0,469540.0,468976.0,469504.0,469248.0,469136.0,469296.0
23-06-15_12:45:27,lz4,131072,41943040,2,False,3.50,0.24,14.938,-4.683,1100870052,1223.646,469541.2,1224.4,1225.8,1220.2,1231.3,1227.6,1227.9,1226.4,1218.8,1208.1,1226.0,469800.0,469560.0,469116.0,469780.0,469716.0,469496.0,469644.0,469316.0,469400.0,469584.0
23-06-15_12:46:17,lz4,131072,31457280,1,True,6.84,0.24,18.769,1.504,1100862911,1264.426,441791.2,1266.3,1263.9,1253.8,1268.1,1268.8,1265.9,1275.8,1259.1,1267.4,1255.2,441636.0,441724.0,441924.0,441836.0,441908.0,441796.0,441892.0,441752.0,441576.0,441868.0
23-06-15_12:47:07,lz4,131072,31457280,2,False,-1.67,0.24,19.467,-24.727,1100862911,1271.863,559446.4,1272.9,1274.7,1261.3,1267.1,1275.1,1273.4,1269.8,1276.9,1273.3,1274.2,546304.0,520760.0,546204.0,572460.0,598652.0,546268.0,598876.0,572752.0,546408.0,545780.0
23-06-15_12:47:57,lz4,131072,31457280,2,False,-0.75,0.24,18.756,-21.254,1100862911,1264.297,543870.4,1260.7,1270.5,1269.1,1271.0,1272.9,1268.7,1256.0,1265.9,1253.0,1255.2,546096.0,546084.0,572268.0,546620.0,520952.0,546328.0,546368.0,546132.0,521412.0,546444.0
23-06-15_12:48:48,lz4,131072,41943040,1,False,6.20,0.24,15.076,3.283,1100870052,1225.110,433812.4,1228.9,1219.5,1226.5,1231.8,1219.5,1231.3,1223.8,1220.4,1223.0,1226.5,432848.0,433296.0,434840.0,434092.0,434772.0,433464.0,433572.0,433776.0,433980.0,433484.0
23-06-15_12:49:35,lz4,65536,31457280,1,False,2.75,-0.00,6.668,1.571,1103490886,1135.603,441488.8,1148.1,1136.4,1139.7,1130.0,1132.5,1131.8,1132.4,1136.7,1146.8,1121.7,440952.0,441604.0,441860.0,441604.0,441012.0,441424.0,441528.0,441616.0,441896.0,441392.0
23-06-15_12:50:25,lz4,131072,41943040,1,False,6.10,0.24,14.789,3.286,1100870052,1222.056,433796.0,1215.5,1218.1,1218.1,1225.7,1229.4,1229.1,1216.4,1223.9,1228.6,1215.9,433300.0,433380.0,434440.0,434448.0,433112.0,434328.0,433420.0,434480.0,434080.0,432972.0
23-06-15_12:51:15,lz4,131072,31457280,2,False,-1.69,0.24,18.819,-24.112,1100862911,1264.964,556687.2,1256.5,1263.8,1258.1,1272.2,1258.2,1270.8,1274.4,1270.4,1266.4,1258.7,546108.0,546308.0,546076.0,546472.0,572464.0,546352.0,598456.0,546380.0,546320.0,571936.0
23-06-15_12:52:05,lz4,131072,31457280,2,False,-1.40,0.24,19.098,-23.547,1100862911,1267.938,554151.6,1272.1,1276.2,1265.5,1254.5,1264.2,1268.2,1267.6,1262.1,1274.1,1275.0,546536.0,519856.0,546176.0,546092.0,546904.0,598304.0,546336.0,546400.0,546492.0,598420.0
23-06-15_12:52:55,lz4,131072,41943040,1,True,6.15,0.24,14.902,3.312,1100870052,1223.258,433681.6,1225.8,1211.0,1229.1,1232.2,1213.5,1222.6,1226.3,1223.8,1226.0,1222.3,432792.0,434256.0,433296.0,434316.0,433404.0,433560.0,435036.0,433668.0,433788.0,432700.0
23-06-15_12:53:45,lz4,131072,31457280,1,True,6.56,0.24,17.940,1.512,1100862911,1255.605,441756.4,1241.3,1262.1,1260.1,1241.8,1255.7,1252.9,1262.4,1258.6,1264.4,1256.7,441668.0,441864.0,441840.0,441808.0,441572.0,441824.0,442144.0,441716.0,441928.0,441200.0
23-06-15_12:54:32,lz4,65536,31457280,1,False,2.79,-0.00,7.015,1.355,1103490886,1139.294,442460.0,1138.7,1148.3,1134.8,1129.1,1140.3,1130.7,1143.2,1134.1,1142.2,1151.5,441100.0,440952.0,441112.0,441180.0,441216.0,441684.0,441464.0,441252.0,441648.0,452992.0
23-06-15_12:55:25,lz4,262144,31457280,1,True,8.83,0.41,27.858,-1.777,1098921756,1361.197,456507.2,1366.0,1366.2,1351.4,1364.6,1359.5,1358.6,1359.3,1369.1,1361.5,1355.8,445600.0,445908.0,498104.0,445816.0,460484.0,446020.0,446260.0,471532.0,445668.0,459680.0
23-06-15_12:56:14,lz4,131072,31457280,1,False,6.54,0.24,18.467,0.911,1100862911,1261.220,444450.8,1261.9,1250.3,1253.7,1286.1,1243.9,1259.6,1253.2,1262.9,1263.1,1277.4,441412.0,441808.0,441808.0,467940.0,441964.0,441960.0,441960.0,441888.0,441648.0,442120.0
23-06-15_12:57:07,lz4,524288,31457280,1,True,11.37,0.51,33.941,-0.327,1097845581,1425.949,450004.0,1433.6,1418.3,1432.2,1425.9,1427.0,1440.9,1408.0,1418.3,1419.1,1436.3,450044.0,449832.0,449476.0,450160.0,450224.0,450296.0,450020.0,449692.0,450288.0,450008.0
23-06-15_12:57:59,lz4,524288,20971520,1,True,13.30,0.55,35.771,3.568,1097420857,1445.432,432533.6,1434.9,1456.1,1446.2,1440.4,1439.8,1451.4,1440.3,1448.4,1447.4,1449.4,446528.0,429176.0,429136.0,429216.0,446368.0,428704.0,428860.0,429108.0,428932.0,429308.0
23-06-15_12:58:52,lz4,524288,31457280,1,False,11.25,0.51,33.596,-0.367,1097845581,1422.279,450181.6,1436.2,1405.5,1427.5,1437.9,1415.7,1435.9,1402.5,1418.4,1420.8,1422.4,450052.0,450096.0,450248.0,450396.0,449776.0,450232.0,450392.0,449932.0,450392.0,450300.0
23-06-15_12:59:43,lz4,524288,31457280,1,False,11.39,0.51,33.999,-0.336,1097845581,1426.577,450042.8,1429.4,1436.9,1426.7,1411.6,1430.5,1419.4,1435.6,1415.2,1430.6,1429.9,449788.0,450392.0,449688.0,450356.0,450032.0,450084.0,450568.0,449508.0,449948.0,450064.0
23-06-15_13:00:37,lz4,1048576,20971520,1,False,11.20,0.61,37.596,-4.592,1096766788,1464.864,469132.4,1453.5,1475.4,1457.1,1456.1,1479.7,1480.2,1463.1,1458.1,1460.2,1465.1,481532.0,450096.0,482176.0,465632.0,466044.0,465288.0,465988.0,467904.0,481128.0,465536.0
23-06-15_13:01:30,lz4,1048576,20971520,1,False,10.42,0.61,36.786,-6.123,1096766788,1456.240,476001.6,1453.7,1432.3,1458.5,1451.8,1470.1,1482.6,1468.0,1460.9,1438.4,1446.2,483404.0,499512.0,466204.0,467024.0,467220.0,465060.0,467776.0,465432.0,497728.0,480656.0
23-06-15_13:02:21,lz4,524288,20971520,2,False,8.31,0.55,35.303,-10.910,1097420857,1440.449,497474.4,1432.7,1458.4,1448.4,1439.9,1449.8,1441.7,1432.9,1433.7,1434.6,1432.4,497116.0,497728.0,497476.0,497672.0,497076.0,497528.0,497612.0,497664.0,497232.0,497640.0
23-06-15_13:03:13,lz4,524288,31457280,1,False,11.63,0.51,34.712,-0.320,1097845581,1434.161,449970.0,1444.4,1436.2,1428.2,1430.9,1443.1,1424.5,1430.4,1430.6,1441.5,1431.7,450004.0,450124.0,450168.0,450184.0,450000.0,450204.0,449480.0,449692.0,449912.0,449932.0
23-06-15_13:04:06,lz4,262144,20971520,1,True,13.16,0.40,32.812,6.275,1099054779,1413.933,420392.4,1406.5,1412.5,1418.9,1414.9,1417.7,1428.0,1416.9,1415.1,1407.7,1401.3,418508.0,435864.0,418544.0,418900.0,418976.0,418772.0,418800.0,418648.0,418424.0,418488.0
23-06-15_13:04:57,lz4,262144,31457280,1,False,9.58,0.41,28.046,0.279,1098921756,1363.196,447286.0,1369.3,1348.2,1366.8,1352.5,1361.9,1372.7,1365.2,1359.2,1365.6,1370.6,445856.0,445688.0,445472.0,446032.0,445956.0,446044.0,445900.0,445624.0,445840.0,460448.0
23-06-15_13:05:49,lz4,262144,20971520,2,False,9.07,0.40,31.742,-4.928,1099054779,1402.546,470641.6,1402.5,1396.0,1407.8,1365.5,1402.4,1408.7,1413.8,1411.9,1415.9,1400.9,470344.0,470824.0,471008.0,470632.0,470668.0,470580.0,470392.0,470236.0,471016.0,470716.0
23-06-15_13:06:41,lz4,524288,20971520,1,True,13.20,0.55,35.476,3.587,1097420857,1442.297,432449.2,1429.5,1446.6,1437.7,1441.4,1438.7,1451.7,1447.9,1445.4,1439.5,1444.6,428840.0,429124.0,445992.0,429156.0,429136.0,428800.0,429308.0,429056.0,446340.0,428740.0
23-06-15_13:07:33,lz4,524288,31457280,1,False,11.35,0.51,33.851,-0.325,1097845581,1424.992,449993.2,1433.3,1425.5,1416.7,1426.2,1425.7,1407.9,1429.7,1423.1,1432.9,1428.8,450236.0,450136.0,449696.0,450140.0,449804.0,449676.0,450164.0,449940.0,450124.0,450016.0
23-06-15_13:08:28,lz4,1048576,20971520,1,False,11.05,0.61,37.563,-5.027,1096766788,1464.509,471086.4,1473.8,1471.9,1450.7,1472.9,1451.0,1468.2,1467.8,1460.2,1473.6,1455.0,466196.0,466700.0,481304.0,465824.0,481072.0,468032.0,466916.0,465296.0,466908.0,482616.0
23-06-15_13:09:21,lz4,1048576,20971520,1,False,10.24,0.61,37.203,-7.085,1096766788,1460.682,480316.8,1459.2,1475.8,1461.5,1466.1,1453.3,1452.2,1452.1,1463.8,1451.5,1471.3,483952.0,469088.0,451064.0,467584.0,467776.0,497548.0,515504.0,498620.0,498424.0,453608.0
23-06-15_13:10:13,lz4,524288,20971520,2,False,8.14,0.55,34.766,-10.903,1097420857,1434.738,497439.2,1446.5,1430.7,1440.3,1425.6,1421.0,1448.3,1439.2,1434.8,1430.9,1430.1,497740.0,497248.0,497740.0,497480.0,497520.0,497376.0,497132.0,497112.0,497788.0,497256.0
23-06-15_13:11:07,lz4,1048576,20971520,1,False,10.33,0.61,36.972,-6.584,1096766788,1458.219,478069.2,1442.7,1453.6,1466.1,1473.3,1454.2,1448.4,1476.1,1474.3,1446.1,1447.3,499008.0,466336.0,499304.0,468392.0,468092.0,480684.0,451456.0,465136.0,501088.0,481196.0
23-06-15_13:11:59,lz4,524288,31457280,1,False,10.98,0.51,33.917,-1.502,1097845581,1425.695,455274.8,1422.2,1400.8,1427.7,1434.0,1427.2,1415.1,1435.2,1433.9,1438.7,1422.3,450168.0,502216.0,450204.0,450016.0,450040.0,449960.0,449964.0,450088.0,450336.0,449756.0
23-06-15_13:12:52,lz4,524288,20971520,2,False,7.78,0.55,34.078,-11.285,1097420857,1427.417,499152.4,1427.5,1435.8,1419.3,1432.5,1420.0,1425.0,1435.4,1426.4,1432.0,1420.2,514840.0,497564.0,497788.0,497440.0,497224.0,497240.0,497284.0,497608.0,497324.0,497212.0
23-06-15_13:13:43,lz4,524288,31457280,1,False,11.07,0.51,33.039,-0.341,1097845581,1416.353,450066.4,1413.4,1425.8,1419.0,1415.1,1416.0,1425.2,1396.3,1415.8,1423.5,1413.4,449928.0,450004.0,450128.0,449784.0,449984.0,450128.0,450152.0,450220.0,450068.0,450268.0
23-06-15_13:14:36,lz4,1048576,20971520,1,False,10.65,0.61,36.791,-5.450,1096766788,1456.297,472980.0,1459.4,1468.2,1449.8,1473.5,1454.1,1468.2,1436.8,1461.8,1437.4,1453.8,466244.0,465744.0,480488.0,467376.0,468004.0,465952.0,468020.0,466300.0,499072.0,482600.0
23-06-15_13:15:30,lz4,524288,31457280,1,False,11.16,0.51,33.308,-0.331,1097845581,1419.216,450020.4,1422.7,1414.2,1417.6,1427.7,1439.5,1419.7,1414.3,1410.8,1402.4,1423.3,450156.0,449884.0,450404.0,450244.0,449876.0,449232.0,449908.0,450644.0,450028.0,449828.0
23-06-15_13:16:22,lz4,524288,20971520,2,False,7.67,0.55,33.699,-11.225,1097420857,1423.376,498884.0,1424.1,1413.5,1427.5,1405.0,1413.1,1414.1,1435.7,1434.2,1439.1,1427.6,496736.0,497164.0,497140.0,497092.0,497100.0,514168.0,497412.0,497176.0,497524.0,497328.0
23-06-15_13:17:14,lz4,262144,20971520,1,True,13.36,0.40,33.009,6.667,1099054779,1416.034,418634.8,1408.3,1413.3,1414.8,1408.2,1421.1,1422.0,1415.1,1416.8,1419.5,1421.3,418700.0,418832.0,418924.0,418640.0,418284.0,418708.0,418488.0,418444.0,418712.0,418616.0
23-06-15_13:18:05,lz4,262144,20971520,2,False,9.33,0.40,33.290,-5.714,1099054779,1419.021,474167.2,1416.8,1416.0,1415.6,1407.5,1413.1,1424.3,1415.4,1428.3,1420.6,1432.4,470600.0,470716.0,470828.0,505064.0,470540.0,470688.0,470352.0,471072.0,470828.0,470984.0
23-06-15_13:18:57,lz4,524288,20971520,1,False,13.21,0.55,35.079,3.989,1097420857,1438.070,430644.0,1432.5,1444.0,1421.6,1432.3,1441.5,1448.5,1450.2,1429.4,1445.0,1435.8,428996.0,428848.0,429108.0,428972.0,429016.0,446032.0,428960.0,429156.0,428412.0,428940.0
23-06-15_13:19:50,lz4,262144,20971520,2,False,8.13,0.40,30.406,-6.414,1099054779,1388.321,477308.0,1392.8,1373.8,1396.3,1398.5,1398.7,1389.5,1375.6,1380.7,1389.2,1388.1,470560.0,470228.0,470184.0,470072.0,470640.0,470632.0,505144.0,504768.0,470616.0,470236.0
23-06-15_13:20:41,lz4,262144,20971520,2,False,8.73,0.40,31.851,-6.051,1099054779,1403.704,475677.2,1396.4,1406.9,1405.4,1384.7,1419.3,1406.2,1412.1,1393.2,1401.1,1412.0,505148.0,487500.0,470156.0,470796.0,470584.0,470084.0,470420.0,470580.0,470972.0,470532.0
23-06-15_13:21:33,lz4,262144,20971520,2,False,8.44,0.40,31.444,-6.519,1099054779,1399.368,477774.8,1400.2,1406.0,1388.2,1407.8,1406.7,1405.0,1408.1,1389.2,1410.5,1371.9,471008.0,470884.0,505356.0,470884.0,470720.0,471376.0,470920.0,470712.0,470820.0,505068.0
23-06-15_13:22:25,lz4,262144,31457280,1,False,9.46,0.41,27.723,0.247,1098921756,1359.758,447430.0,1366.8,1361.8,1348.0,1361.3,1353.9,1356.5,1352.2,1364.6,1359.0,1373.6,446000.0,446144.0,446488.0,460348.0,446200.0,446032.0,446040.0,445892.0,445632.0,445524.0
23-06-15_13:23:15,lz4,131072,20971520,1,False,9.45,0.24,20.688,7.413,1100875547,1284.863,415286.0,1267.6,1284.7,1283.8,1285.7,1295.1,1300.5,1288.7,1267.6,1291.0,1284.0,415480.0,415300.0,415400.0,415524.0,415316.0,415192.0,414968.0,415460.0,415236.0,414984.0
23-06-15_13:24:07,lz4,262144,20971520,2,False,7.82,0.40,29.478,-6.410,1099054779,1378.443,477288.4,1363.8,1368.6,1387.5,1370.6,1463.6,1344.3,1382.4,1366.9,1355.6,1381.1,470436.0,505396.0,470980.0,469928.0,470380.0,469756.0,470572.0,470112.0,504792.0,470532.0
23-06-15_13:24:59,lz4,262144,31457280,1,False,7.44,0.41,23.895,-2.000,1098921756,1319.002,457509.2,1214.3,1300.8,1294.2,1339.5,1313.4,1343.6,1344.9,1347.3,1353.2,1338.7,445448.0,445528.0,497828.0,445960.0,445896.0,459820.0,445600.0,445688.0,445808.0,497516.0
23-06-15_13:25:51,lz4,262144,31457280,1,False,7.85,0.41,25.382,-2.257,1098921756,1334.828,458660.0,1326.6,1333.4,1327.2,1347.5,1325.1,1348.4,1334.9,1321.6,1349.0,1334.5,445640.0,471360.0,445416.0,458572.0,460000.0,445396.0,445196.0,497760.0,445648.0,471612.0
23-06-15_13:26:44,lz4,524288,20971520,1,False,12.48,0.55,32.504,4.384,1097420857,1410.657,428871.2,1409.1,1416.3,1405.3,1394.2,1382.2,1421.0,1428.8,1417.2,1406.9,1425.5,428780.0,428892.0,428952.0,429040.0,429168.0,428804.0,428444.0,428608.0,429368.0,428656.0
23-06-15_13:27:37,lz4,524288,20971520,1,False,12.81,0.55,33.887,3.987,1097420857,1425.379,430652.4,1410.1,1411.8,1416.7,1442.5,1418.7,1411.7,1436.7,1431.2,1439.9,1434.5,428748.0,428852.0,429048.0,429008.0,429116.0,428784.0,428936.0,446212.0,428788.0,429032.0
23-06-15_13:28:29,lz4,262144,31457280,1,False,7.37,0.41,23.970,-2.273,1098921756,1319.798,458730.4,1341.5,1322.5,1341.1,1326.8,1248.5,1322.6,1320.7,1338.5,1315.0,1320.8,445960.0,445956.0,459304.0,497604.0,445352.0,445592.0,445416.0,459836.0,445448.0,496836.0
23-06-15_13:29:21,lz4,262144,31457280,1,False,8.58,0.41,25.349,-0.023,1098921756,1334.481,448638.4,1338.8,1324.0,1329.2,1332.5,1342.2,1337.7,1352.1,1337.8,1324.3,1326.1,446008.0,445592.0,460756.0,445364.0,446040.0,446292.0,445440.0,459460.0,446072.0,445360.0
23-06-15_13:30:13,lz4,262144,31457280,1,False,7.47,0.41,23.653,-1.657,1098921756,1316.425,455968.8,1291.3,1311.0,1314.7,1329.1,1324.6,1318.3,1320.2,1299.1,1337.1,1319.0,444952.0,470876.0,445752.0,445404.0,445548.0,445924.0,498304.0,445416.0,471444.0,446068.0
23-06-15_13:31:06,lz4,262144,31457280,1,False,8.55,0.41,26.651,-1.417,1098921756,1348.345,454894.4,1319.4,1350.1,1362.9,1341.4,1357.0,1349.9,1356.6,1355.1,1345.3,1345.5,445872.0,445616.0,471800.0,497140.0,445388.0,445860.0,459916.0,445732.0,445972.0,445648.0
23-06-15_13:31:58,lz4,262144,20971520,2,False,8.36,0.40,30.349,-5.656,1099054779,1387.708,473907.6,1403.0,1385.0,1289.8,1380.7,1408.5,1401.8,1406.5,1409.2,1392.3,1400.1,470760.0,470588.0,469936.0,470884.0,470868.0,470312.0,469904.0,470288.0,504932.0,470604.0
23-06-15_13:32:48,lz4,131072,20971520,1,False,9.32,0.24,20.322,7.398,1100875547,1280.959,415355.2,1281.5,1273.7,1273.9,1284.5,1284.7,1284.9,1282.0,1286.5,1277.5,1280.4,415064.0,414940.0,415448.0,415872.0,415528.0,415020.0,415224.0,415336.0,415780.0,415340.0
23-06-15_13:33:40,lz4,262144,31457280,1,False,8.12,0.41,25.342,-1.388,1098921756,1334.406,454764.0,1315.5,1346.5,1349.6,1330.3,1330.4,1267.0,1330.7,1362.7,1355.3,1356.1,497496.0,445968.0,471600.0,445804.0,445928.0,445428.0,445396.0,459328.0,445604.0,445088.0
23-06-15_13:34:32,lz4,262144,31457280,1,False,7.95,0.41,25.793,-2.368,1098921756,1339.206,459159.6,1352.5,1328.5,1344.2,1349.8,1332.9,1339.2,1314.0,1354.8,1336.2,1340.0,445972.0,446304.0,459936.0,446108.0,497628.0,445764.0,497924.0,460024.0,445860.0,446076.0
23-06-15_13:35:23,lz4,524288,20971520,1,False,12.30,0.55,32.757,3.594,1097420857,1413.345,432418.0,1423.9,1424.7,1424.4,1421.7,1426.5,1435.3,1419.2,1418.9,1312.9,1426.0,429144.0,429028.0,429068.0,429040.0,428628.0,428948.0,445992.0,429288.0,446504.0,428540.0
23-06-15_13:36:15,lz4,262144,31457280,1,False,7.69,0.41,25.814,-3.162,1098921756,1339.433,462720.4,1332.9,1339.0,1356.9,1338.3,1346.7,1319.6,1349.7,1351.4,1341.7,1318.3,445644.0,498008.0,445336.0,445168.0,459520.0,497956.0,445964.0,446084.0,445940.0,497584.0
23-06-15_13:37:07,lz4,262144,31457280,1,False,9.60,0.41,28.097,0.298,1098921756,1363.743,447202.4,1371.4,1365.7,1358.9,1357.5,1377.1,1357.0,1364.9,1366.6,1359.7,1358.6,445820.0,445600.0,445800.0,445760.0,459864.0,445900.0,445736.0,445788.0,445840.0,445916.0
23-06-15_13:37:58,lz4,262144,31457280,1,False,9.56,0.41,28.250,0.026,1098921756,1365.362,448422.4,1362.3,1370.4,1371.9,1354.0,1386.9,1359.1,1361.8,1359.8,1358.5,1368.9,445744.0,446552.0,445832.0,445880.0,471888.0,445976.0,446112.0,445040.0,445632.0,445568.0
23-06-15_13:38:49,lz4,262144,20971520,2,False,8.63,0.40,31.591,-6.115,1099054779,1400.939,475963.6,1403.0,1401.1,1400.2,1397.1,1400.2,1401.2,1401.2,1401.6,1407.5,1396.1,488012.0,470148.0,470976.0,471064.0,470804.0,505104.0,470920.0,470492.0,471116.0,471000.0
23-06-15_13:39:41,lz4,262144,20971520,2,False,8.68,0.40,31.741,-6.094,1099054779,1402.531,475872.0,1408.2,1394.0,1406.8,1407.4,1402.1,1401.4,1407.9,1407.4,1398.2,1392.0,470316.0,471024.0,470596.0,470716.0,488052.0,470360.0,471000.0,471072.0,470156.0,505428.0
23-06-15_13:40:34,lz4,262144,31457280,1,False,7.96,0.41,27.209,-3.733,1098921756,1354.282,465280.0,1339.5,1354.2,1360.2,1349.3,1361.6,1353.0,1340.2,1366.7,1358.2,1360.0,498072.0,445884.0,445588.0,497592.0,445268.0,445108.0,497804.0,471932.0,445576.0,459976.0
23-06-15_13:41:26,lz4,524288,20971520,1,True,13.01,0.55,34.912,3.561,1097420857,1436.288,432562.8,1430.9,1434.3,1428.8,1438.9,1448.0,1422.2,1443.2,1445.9,1430.8,1439.8,429012.0,428736.0,429208.0,429448.0,429120.0,446460.0,428916.0,429396.0,446452.0,428880.0
23-06-15_13:42:18,lz4,524288,31457280,1,False,11.15,0.51,33.273,-0.321,1097845581,1418.846,449976.0,1414.7,1408.6,1436.2,1426.3,1422.2,1411.4,1422.8,1421.9,1409.8,1414.6,449608.0,449920.0,450156.0,450068.0,449640.0,449728.0,449920.0,450396.0,450456.0,449868.0
23-06-15_13:43:10,lz4,524288,20971520,2,False,7.91,0.55,34.071,-10.903,1097420857,1427.340,497440.4,1416.9,1430.5,1432.4,1437.2,1426.1,1427.7,1417.4,1431.6,1430.7,1422.9,497512.0,496888.0,497568.0,497052.0,497740.0,497592.0,497520.0,497392.0,497460.0,497680.0
23-06-15_13:44:02,lz4,524288,31457280,1,False,10.98,0.51,32.752,-0.338,1097845581,1413.291,450050.8,1418.9,1397.5,1411.7,1416.7,1412.1,1431.3,1407.4,1402.5,1416.2,1418.6,450172.0,449808.0,450036.0,450408.0,449960.0,449932.0,450008.0,449680.0,450500.0,450004.0
23-06-15_13:44:55,lz4,524288,20971520,2,False,7.89,0.55,34.420,-11.298,1097420857,1431.053,499212.0,1428.1,1429.4,1420.8,1437.8,1437.6,1426.0,1428.3,1434.4,1429.4,1438.6,514468.0,497560.0,497412.0,496804.0,497268.0,497776.0,497732.0,497360.0,497952.0,497788.0
23-06-15_13:45:48,lz4,524288,20971520,2,False,8.06,0.55,34.525,-10.894,1097420857,1432.171,497402.4,1436.2,1428.9,1430.1,1435.1,1436.0,1436.5,1421.1,1431.6,1427.7,1438.5,497240.0,497264.0,497540.0,497420.0,496932.0,497748.0,497584.0,497432.0,497448.0,497416.0
23-06-15_13:46:40,lz4,262144,20971520,1,True,13.28,0.40,32.756,6.669,1099054779,1413.340,418622.4,1413.0,1406.1,1423.5,1417.2,1424.9,1402.6,1404.9,1405.1,1417.0,1419.0,418520.0,418704.0,419060.0,418920.0,418496.0,418260.0,418140.0,418356.0,418880.0,418888.0
23-06-15_13:47:32,lz4,262144,20971520,2,False,8.46,0.40,31.836,-6.866,1099054779,1403.545,479335.2,1395.9,1405.6,1407.4,1397.0,1400.9,1410.0,1407.2,1414.5,1385.1,1411.7,470580.0,470528.0,470864.0,505796.0,470732.0,470216.0,488368.0,470432.0,505324.0,470512.0
23-06-15_13:48:23,lz4,131072,20971520,1,False,10.00,0.24,22.438,7.318,1100875547,1303.493,415711.2,1306.6,1303.2,1305.4,1295.0,1304.8,1311.6,1314.7,1282.8,1309.8,1301.1,415952.0,415696.0,416076.0,415816.0,415680.0,415788.0,415000.0,415740.0,415776.0,415588.0
23-06-15_13:49:15,lz4,262144,20971520,2,False,8.04,0.40,31.724,-7.998,1099054779,1402.349,484409.6,1407.1,1396.7,1414.9,1402.2,1413.0,1399.6,1417.1,1399.2,1374.4,1399.2,470184.0,505308.0,470240.0,470752.0,470104.0,470896.0,505616.0,470468.0,505340.0,505188.0
23-06-15_13:50:07,lz4,262144,20971520,2,False,8.51,0.40,32.393,-7.277,1099054779,1409.471,481175.2,1414.2,1413.5,1410.0,1411.9,1412.4,1410.7,1401.0,1408.5,1414.2,1398.4,470916.0,470916.0,505408.0,471008.0,470484.0,470684.0,505684.0,470548.0,470532.0,505572.0
23-06-15_13:50:59,lz4,524288,20971520,1,True,12.89,0.55,34.496,3.630,1097420857,1431.863,432254.4,1448.0,1441.5,1444.5,1450.5,1397.3,1446.7,1443.6,1438.0,1403.1,1405.4,429308.0,445760.0,429036.0,428740.0,429048.0,428908.0,428952.0,445008.0,429096.0,428688.0
23-06-15_13:51:52,lz4,1048576,20971520,1,False,9.77,0.61,35.854,-7.168,1096766788,1446.319,480686.4,1427.5,1426.7,1466.1,1463.5,1443.1,1456.4,1449.8,1424.5,1454.2,1451.5,498564.0,498956.0,482456.0,481944.0,481024.0,468612.0,480872.0,482896.0,465520.0,466020.0
23-06-15_13:52:45,lz4,524288,31457280,1,False,10.55,0.51,31.415,-0.279,1097845581,1399.067,449789.6,1388.1,1398.7,1364.4,1397.4,1417.9,1412.9,1367.7,1405.6,1409.0,1429.1,449872.0,449908.0,449688.0,449996.0,450380.0,449264.0,449360.0,449936.0,449980.0,449512.0
23-06-15_13:53:38,lz4,524288,20971520,2,False,7.37,0.55,32.788,-11.215,1097420857,1413.679,498840.0,1418.5,1411.7,1425.5,1415.3,1402.0,1421.3,1413.9,1408.7,1399.8,1420.3,497620.0,496904.0,497024.0,497424.0,496976.0,496912.0,497092.0,513548.0,497576.0,497324.0
23-06-15_13:54:30,lz4,262144,20971520,1,False,12.86,0.40,31.470,6.706,1099054779,1399.646,418460.0,1394.0,1383.5,1395.2,1402.7,1400.3,1417.9,1389.1,1396.9,1424.7,1392.2,418492.0,418696.0,418252.0,418456.0,418656.0,418928.0,418400.0,418124.0,418352.0,418244.0
23-06-15_13:55:22,lz4,524288,31457280,1,False,11.00,0.51,32.785,-0.292,1097845581,1413.647,449848.4,1448.5,1421.5,1389.1,1394.6,1403.5,1402.6,1418.2,1426.5,1416.2,1415.7,450072.0,449868.0,450120.0,449296.0,449844.0,449160.0,450452.0,449996.0,450020.0,449656.0
23-06-15_13:56:15,lz4,1048576,20971520,1,False,10.62,0.61,35.950,-4.686,1096766788,1447.339,469554.8,1461.3,1456.1,1449.9,1447.3,1424.1,1434.1,1455.8,1442.4,1464.8,1437.6,450796.0,482696.0,465200.0,467824.0,497024.0,465868.0,449708.0,482440.0,466508.0,467484.0
23-06-15_13:57:08,lz4,524288,20971520,2,False,7.12,0.55,32.397,-11.581,1097420857,1409.520,500480.4,1397.9,1408.8,1387.2,1418.4,1429.4,1424.8,1413.9,1405.3,1409.3,1400.3,496596.0,497116.0,514096.0,497268.0,496804.0,496868.0,497256.0,497244.0,514500.0,497056.0
23-06-15_13:58:01,lz4,524288,31457280,1,False,10.40,0.51,30.993,-0.312,1097845581,1394.566,449938.0,1405.3,1402.2,1378.2,1399.3,1396.3,1392.6,1397.6,1402.2,1399.0,1372.9,449784.0,450004.0,450184.0,449948.0,449596.0,450184.0,449432.0,450412.0,449732.0,450104.0
23-06-15_13:58:53,lz4,262144,20971520,1,False,12.24,0.40,30.039,6.288,1099054779,1384.408,420332.8,1384.3,1388.6,1393.0,1381.5,1392.6,1392.4,1389.3,1368.4,1373.0,1381.0,418700.0,418144.0,418596.0,418376.0,418560.0,419076.0,418808.0,435984.0,418480.0,418604.0
23-06-15_13:59:46,lz4,524288,31457280,1,False,10.51,0.51,31.317,-0.310,1097845581,1398.018,449925.6,1411.0,1396.7,1399.9,1390.3,1388.1,1398.5,1386.8,1413.4,1397.9,1397.6,450068.0,449904.0,449844.0,450016.0,449688.0,449716.0,449952.0,449960.0,450084.0,450024.0
23-06-15_14:00:39,lz4,524288,20971520,2,False,7.33,0.55,32.664,-11.211,1097420857,1412.355,498822.0,1421.2,1411.8,1404.0,1400.0,1421.7,1418.6,1396.4,1423.4,1406.3,1420.2,496972.0,497168.0,497356.0,513748.0,497148.0,497340.0,496952.0,497040.0,497308.0,497188.0
23-06-15_14:01:32,lz4,524288,20971520,2,False,7.42,0.55,32.595,-10.881,1097420857,1411.620,497340.4,1409.7,1407.8,1416.0,1422.6,1410.6,1399.3,1417.0,1415.3,1419.9,1398.0,497460.0,497532.0,497480.0,496776.0,497180.0,497452.0,497140.0,497188.0,497608.0,497588.0
23-06-15_14:02:24,lz4,524288,20971520,2,False,7.37,0.55,32.795,-11.250,1097420857,1413.758,498996.8,1408.0,1418.3,1418.2,1395.1,1413.0,1417.5,1413.9,1420.5,1413.4,1419.7,497220.0,497736.0,497332.0,513940.0,497536.0,497556.0,497184.0,496908.0,497884.0,496672.0
23-06-15_14:03:16,lz4,262144,20971520,1,False,12.34,0.40,31.090,5.528,1099054779,1395.602,423743.2,1407.5,1394.6,1406.0,1409.0,1390.0,1356.5,1398.3,1405.0,1378.6,1410.7,417956.0,436508.0,418700.0,418628.0,418700.0,418780.0,435500.0,418496.0,435636.0,418528.0
23-06-15_14:04:10,lz4,1048576,20971520,1,False,9.70,0.61,35.383,-6.887,1096766788,1441.301,479426.0,1435.7,1452.0,1452.0,1442.2,1440.7,1430.6,1451.9,1429.4,1430.1,1448.5,513140.0,467396.0,465428.0,466924.0,484500.0,514196.0,466776.0,467104.0,482484.0,466312.0
23-06-15_14:05:03,lz4,524288,20971520,2,False,7.63,0.55,33.222,-10.867,1097420857,1418.302,497280.4,1417.9,1426.3,1401.5,1397.2,1415.2,1419.7,1424.1,1419.5,1431.5,1430.0,496736.0,497060.0,497620.0,497224.0,497168.0,497796.0,497312.0,497272.0,497136.0,497480.0
23-06-15_14:05:56,lz4,524288,20971520,2,False,7.81,0.55,33.721,-10.854,1097420857,1423.609,497218.8,1438.7,1425.7,1413.3,1422.6,1423.0,1418.0,1416.7,1432.6,1428.4,1417.1,497560.0,497296.0,497112.0,497380.0,497640.0,496480.0,497332.0,496940.0,497400.0,497048.0
23-06-15_14:06:49,lz4,1048576,20971520,1,False,10.49,0.61,34.911,-4.039,1096766788,1436.282,466651.2,1433.1,1445.5,1414.5,1432.6,1427.2,1436.9,1456.4,1429.1,1443.8,1443.6,452656.0,468028.0,497452.0,466440.0,464976.0,466304.0,450676.0,468340.0,466356.0,465284.0
23-06-15_14:07:42,lz4,524288,31457280,1,False,10.45,0.51,31.124,-0.287,1097845581,1395.959,449822.8,1414.1,1395.5,1362.2,1406.8,1369.4,1400.3,1409.2,1385.3,1408.5,1408.1,449800.0,449672.0,450036.0,449288.0,450272.0,449844.0,449180.0,449816.0,450280.0,450040.0
23-06-15_14:08:36,lz4,524288,20971520,2,False,7.37,0.55,32.812,-11.250,1097420857,1413.939,498997.2,1419.1,1419.5,1423.3,1402.4,1429.2,1400.5,1415.5,1414.6,1412.1,1403.2,514816.0,497568.0,497528.0,496180.0,497056.0,497440.0,497788.0,497040.0,497364.0,497192.0
23-06-15_14:09:29,lz4,524288,31457280,1,False,10.72,0.51,31.954,-0.296,1097845581,1404.797,449862.4,1379.9,1406.4,1387.3,1392.3,1407.1,1396.5,1422.7,1410.3,1434.4,1411.1,449760.0,450288.0,449320.0,450452.0,450204.0,449864.0,450064.0,449608.0,449172.0,449892.0
23-06-15_14:10:20,lz4,262144,20971520,1,True,12.88,0.40,31.544,6.686,1099054779,1400.436,418546.4,1397.9,1403.1,1398.4,1398.8,1397.7,1402.7,1402.0,1392.6,1413.4,1397.8,418756.0,418188.0,418228.0,418796.0,418360.0,418600.0,418136.0,418756.0,418860.0,418784.0
23-06-15_14:11:13,lz4,262144,31457280,1,False,7.93,0.41,25.694,-2.311,1098921756,1338.153,458903.2,1320.6,1342.1,1335.1,1339.0,1330.7,1340.8,1350.7,1345.3,1345.0,1332.3,460392.0,445764.0,497708.0,445588.0,497488.0,445644.0,445120.0,445584.0,459996.0,445748.0
23-06-15_14:12:05,lz4,262144,31457280,1,False,9.02,0.41,26.655,-0.020,1098921756,1348.386,448624.8,1345.0,1341.3,1359.8,1361.1,1355.0,1349.7,1345.0,1333.8,1342.9,1350.2,445592.0,445708.0,460236.0,445704.0,445544.0,459860.0,446012.0,445340.0,445944.0,446308.0
23-06-15_14:12:58,lz4,524288,20971520,1,False,12.63,0.55,33.745,3.598,1097420857,1423.864,432399.6,1419.3,1421.3,1426.6,1428.1,1430.3,1424.9,1410.2,1424.5,1421.9,1431.6,428948.0,428816.0,446284.0,428884.0,428932.0,428748.0,445956.0,428852.0,429660.0,428916.0
23-06-15_14:13:50,lz4,524288,20971520,1,True,12.92,0.55,33.853,4.369,1097420857,1425.014,428938.8,1421.2,1432.1,1427.6,1426.6,1435.1,1429.5,1424.7,1421.3,1419.3,1412.7,429156.0,428976.0,429188.0,429000.0,428788.0,429124.0,428724.0,428640.0,428908.0,428884.0
23-06-15_14:14:43,lz4,524288,31457280,1,False,10.63,0.51,31.668,-0.297,1097845581,1401.754,449869.2,1415.3,1394.2,1372.3,1415.8,1405.2,1410.7,1404.8,1397.5,1403.0,1398.8,450248.0,450084.0,449580.0,450112.0,449096.0,449824.0,449700.0,450168.0,449820.0,450060.0
23-06-15_14:15:36,lz4,524288,31457280,1,False,10.52,0.51,31.372,-0.331,1097845581,1398.605,450022.8,1398.4,1383.1,1398.5,1408.2,1406.3,1390.3,1405.3,1415.7,1389.3,1391.0,450120.0,449848.0,450376.0,449972.0,450200.0,449660.0,450384.0,449912.0,450516.0,449240.0
23-06-15_14:16:29,lz4,524288,31457280,1,False,10.20,0.51,30.409,-0.317,1097845581,1388.355,449960.8,1403.6,1398.4,1402.0,1399.1,1355.0,1389.4,1387.4,1388.2,1382.0,1378.5,449660.0,449584.0,449932.0,449592.0,449656.0,450080.0,450272.0,450120.0,450236.0,450476.0
23-06-15_14:17:22,lz4,1048576,20971520,1,False,10.26,0.61,35.670,-5.494,1096766788,1444.361,473178.4,1446.2,1436.6,1441.6,1455.0,1448.9,1431.5,1453.9,1448.3,1445.2,1436.4,467604.0,466112.0,497348.0,468480.0,468776.0,481220.0,466556.0,481652.0,466464.0,467572.0
23-06-15_14:18:14,lz4,262144,20971520,1,True,12.52,0.40,30.443,6.717,1099054779,1388.717,418409.6,1402.5,1397.8,1395.4,1357.3,1400.8,1352.9,1389.8,1398.1,1391.3,1401.2,418380.0,418616.0,419072.0,418032.0,418220.0,418584.0,419100.0,417580.0,417988.0,418524.0
23-06-15_14:19:06,lz4,524288,20971520,1,False,11.70,0.55,30.939,3.601,1097420857,1393.990,432384.8,1395.6,1380.8,1390.9,1400.5,1393.6,1399.3,1384.3,1401.3,1394.9,1398.8,428916.0,429052.0,445204.0,429132.0,429176.0,429064.0,428604.0,429300.0,429260.0,446140.0
23-06-15_14:20:00,lz4,524288,20971520,1,False,11.12,0.55,30.316,2.495,1097420857,1387.361,437345.6,1389.0,1400.7,1386.6,1381.2,1378.0,1378.3,1385.2,1398.7,1383.9,1391.9,445792.0,428356.0,445768.0,446412.0,428900.0,428188.0,446048.0,446412.0,428932.0,428648.0
23-06-15_14:20:53,lz4,524288,20971520,1,False,11.96,0.55,31.700,3.642,1097420857,1402.097,432203.2,1274.2,1398.5,1417.8,1355.3,1415.7,1421.4,1433.7,1435.8,1441.3,1427.2,444920.0,446412.0,428752.0,429000.0,428904.0,428664.0,428812.0,428676.0,429304.0,428588.0
23-06-15_14:21:44,lz4,262144,31457280,1,False,9.13,0.41,26.357,0.622,1098921756,1345.213,445747.2,1352.5,1328.9,1346.9,1345.9,1348.1,1340.2,1372.6,1345.6,1358.7,1312.7,445628.0,445708.0,446204.0,445684.0,445872.0,445580.0,445724.0,446272.0,445288.0,445512.0
23-06-15_14:22:35,lz4,131072,20971520,1,False,8.85,0.24,18.914,7.406,1100875547,1265.976,415316.4,1263.3,1260.5,1241.0,1269.3,1269.8,1269.2,1270.7,1268.5,1271.2,1276.3,415820.0,415416.0,414852.0,415732.0,414656.0,415428.0,415696.0,414668.0,415492.0,415404.0
23-06-15_14:23:27,lz4,262144,20971520,2,False,7.72,0.40,29.154,-6.404,1099054779,1374.996,477261.6,1353.8,1373.0,1377.6,1343.6,1383.2,1394.7,1391.5,1378.1,1375.8,1378.5,504860.0,470524.0,470552.0,470016.0,505252.0,470440.0,470564.0,470204.0,470244.0,469960.0
23-06-15_14:24:19,lz4,262144,20971520,2,False,7.51,0.40,30.071,-7.938,1099054779,1384.749,484140.0,1393.1,1385.1,1372.0,1391.1,1398.8,1400.8,1368.2,1392.7,1384.1,1361.6,469376.0,470184.0,505092.0,470244.0,470716.0,470516.0,504984.0,470712.0,504656.0,504920.0
23-06-15_14:25:12,lz4,262144,31457280,1,False,8.89,0.41,27.058,-0.813,1098921756,1352.681,452182.8,1312.4,1349.4,1365.7,1367.2,1341.1,1346.4,1353.3,1357.5,1363.2,1370.5,445272.0,445740.0,459936.0,445400.0,444980.0,445696.0,497080.0,445872.0,445528.0,446324.0
23-06-15_14:26:04,lz4,262144,31457280,1,False,8.83,0.41,26.931,-0.852,1098921756,1351.325,452357.6,1359.7,1348.5,1358.5,1358.4,1355.5,1351.8,1333.7,1356.6,1353.1,1337.6,445936.0,445532.0,459160.0,446020.0,445820.0,446404.0,497472.0,446212.0,446048.0,444972.0
23-06-15_14:26:58,lz4,524288,20971520,1,True,13.14,0.55,34.483,4.387,1097420857,1431.725,428858.4,1427.5,1427.0,1437.6,1432.2,1424.0,1438.1,1442.6,1438.2,1416.8,1433.3,428344.0,428448.0,428796.0,429116.0,429096.0,429176.0,428704.0,428956.0,428736.0,429212.0
23-06-15_14:27:51,lz4,1048576,20971520,1,False,10.22,0.61,35.862,-5.806,1096766788,1446.401,474578.0,1432.6,1458.3,1447.3,1454.1,1435.5,1461.5,1438.0,1466.0,1415.6,1455.2,498112.0,450136.0,466728.0,450632.0,481044.0,482336.0,515628.0,467072.0,483424.0,450668.0
23-06-15_14:28:43,lz4,524288,20971520,2,False,7.46,0.55,33.422,-11.604,1097420857,1420.430,500586.0,1408.2,1423.8,1428.1,1417.5,1414.1,1420.4,1420.5,1426.8,1430.8,1414.0,497064.0,497356.0,496796.0,514332.0,497240.0,497540.0,497432.0,497212.0,496776.0,514112.0
23-06-15_14:29:36,lz4,1048576,20971520,1,False,9.85,0.61,35.780,-6.824,1096766788,1445.529,479143.2,1445.1,1450.4,1454.1,1441.4,1435.1,1435.2,1459.3,1450.6,1438.2,1445.9,466704.0,480608.0,466892.0,467664.0,498324.0,498340.0,450600.0,481092.0,513336.0,467872.0
23-06-15_14:30:29,lz4,524288,31457280,1,False,10.30,0.51,30.657,-0.277,1097845581,1390.988,449778.4,1307.7,1390.0,1377.4,1387.8,1420.4,1406.2,1391.3,1401.4,1408.5,1419.1,449484.0,450164.0,449744.0,449084.0,450376.0,450012.0,449300.0,449504.0,449828.0,450288.0
23-06-15_14:31:21,lz4,524288,20971520,2,False,7.40,0.55,32.896,-11.238,1097420857,1414.824,498942.4,1427.5,1404.5,1412.1,1400.4,1416.6,1406.2,1423.1,1418.0,1420.8,1419.2,497428.0,496604.0,497464.0,496972.0,497256.0,497272.0,497328.0,497552.0,514248.0,497300.0
23-06-15_14:32:14,lz4,524288,20971520,2,False,7.83,0.55,33.824,-10.888,1097420857,1424.704,497374.4,1415.3,1435.2,1423.9,1426.2,1413.5,1426.0,1425.3,1424.9,1430.6,1426.1,497244.0,497788.0,497500.0,497164.0,497336.0,497060.0,497640.0,497508.0,497296.0,497208.0
23-06-15_14:33:07,lz4,524288,20971520,2,False,7.73,0.55,33.528,-10.878,1097420857,1421.558,497329.2,1428.9,1420.7,1424.9,1410.9,1407.7,1425.2,1424.4,1430.7,1421.9,1420.3,497124.0,497220.0,497136.0,496840.0,497400.0,497656.0,497484.0,497648.0,497120.0,497664.0
23-06-15_14:34:00,lz4,524288,20971520,2,False,7.35,0.55,33.524,-12.032,1097420857,1421.512,502506.8,1422.0,1417.4,1427.2,1401.9,1429.3,1426.7,1427.5,1413.6,1426.2,1423.2,496740.0,497516.0,497468.0,514388.0,497604.0,514832.0,514352.0,497172.0,497616.0,497380.0
23-06-15_14:34:52,lz4,524288,20971520,2,False,7.53,0.55,32.894,-10.839,1097420857,1414.805,497154.0,1424.8,1416.5,1430.4,1412.8,1367.3,1421.7,1397.8,1415.8,1430.8,1430.2,497072.0,496840.0,497136.0,497472.0,497372.0,497152.0,497496.0,497016.0,496912.0,497072.0
23-06-15_14:35:46,lz4,524288,31457280,1,False,10.36,0.51,30.857,-0.299,1097845581,1393.120,449878.0,1411.7,1411.6,1396.5,1397.7,1370.6,1373.7,1365.2,1404.7,1399.1,1400.2,449984.0,449596.0,449964.0,449784.0,450204.0,449844.0,449204.0,450096.0,450256.0,449848.0
23-06-15_14:36:39,lz4,1048576,20971520,1,False,9.66,0.61,34.797,-6.430,1096766788,1435.064,477377.6,1428.8,1427.1,1455.7,1438.9,1418.6,1434.8,1440.4,1436.8,1423.3,1446.3,481192.0,497016.0,482492.0,468516.0,466412.0,467712.0,481000.0,466372.0,498276.0,464788.0
23-06-15_14:37:33,lz4,524288,20971520,2,False,7.08,0.55,31.526,-10.836,1097420857,1400.243,497138.8,1407.5,1345.4,1413.4,1402.0,1400.2,1422.5,1405.2,1395.5,1387.3,1423.3,496708.0,496632.0,497416.0,497072.0,497420.0,496892.0,497112.0,497496.0,497152.0,497488.0
23-06-15_14:38:26,lz4,524288,31457280,1,False,10.67,0.51,32.333,-0.847,1097845581,1408.837,452337.2,1402.5,1407.8,1388.8,1412.3,1401.0,1397.1,1428.7,1422.6,1412.4,1415.3,449616.0,475792.0,450116.0,450368.0,449644.0,449440.0,449312.0,449608.0,449672.0,449804.0
23-06-15_14:39:18,lz4,524288,20971520,2,False,7.46,0.55,32.672,-10.829,1097420857,1412.444,497106.8,1406.1,1430.0,1401.2,1335.1,1413.4,1409.0,1443.9,1451.5,1412.4,1421.9,497500.0,497440.0,496664.0,497572.0,496544.0,497188.0,497184.0,496988.0,496800.0,497188.0
23-06-15_14:40:11,lz4,524288,20971520,2,False,7.12,0.55,32.423,-11.621,1097420857,1409.794,500660.4,1426.4,1418.1,1385.9,1399.5,1416.8,1410.2,1407.5,1415.1,1418.8,1399.6,497412.0,497604.0,497148.0,514372.0,514044.0,497348.0,496956.0,497516.0,496936.0,497268.0
23-06-15_14:41:05,lz4,524288,20971520,2,False,6.67,0.55,31.778,-12.327,1097420857,1402.923,503828.0,1399.4,1412.5,1413.1,1394.4,1407.9,1392.5,1352.8,1434.6,1417.3,1404.8,497076.0,496780.0,497224.0,531104.0,496668.0,497332.0,496540.0,497632.0,514356.0,513568.0
23-06-15_14:41:58,lz4,524288,20971520,2,False,7.38,0.55,33.559,-11.977,1097420857,1421.888,502256.8,1407.2,1419.2,1425.9,1414.6,1429.9,1423.7,1437.8,1424.8,1410.5,1425.2,496280.0,514732.0,497488.0,497688.0,497364.0,496792.0,497376.0,496892.0,514352.0,513604.0
23-06-15_14:42:52,lz4,1048576,20971520,1,False,10.31,0.61,36.384,-6.077,1096766788,1451.959,475793.2,1437.4,1449.1,1459.8,1451.4,1447.7,1458.8,1447.0,1456.1,1461.4,1450.9,513536.0,497000.0,465176.0,465196.0,466280.0,482612.0,481924.0,451224.0,467508.0,467476.0
23-06-15_14:43:44,lz4,524288,20971520,2,False,7.24,0.55,32.396,-11.219,1097420857,1409.503,498858.4,1416.5,1408.5,1405.6,1416.2,1401.1,1420.8,1412.7,1417.0,1403.1,1393.6,497596.0,496724.0,497184.0,497132.0,496804.0,513916.0,497424.0,497120.0,497256.0,497428.0
23-06-15_14:44:37,lz4,1048576,20971520,1,False,9.45,0.61,35.713,-7.973,1096766788,1444.815,484298.0,1439.9,1437.3,1443.5,1466.6,1407.4,1457.4,1396.4,1468.2,1470.3,1461.1,500608.0,481508.0,481928.0,450676.0,498776.0,469072.0,512596.0,464348.0,484216.0,499252.0
23-06-15_14:45:30,lz4,524288,31457280,1,False,10.58,0.51,31.474,-0.251,1097845581,1399.693,449661.6,1368.0,1409.7,1378.8,1420.3,1407.4,1386.9,1394.5,1408.8,1404.9,1417.7,449792.0,449904.0,450148.0,449904.0,449508.0,449948.0,448896.0,449288.0,449476.0,449752.0
23-06-15_14:46:23,lz4,262144,20971520,1,True,12.88,0.40,31.483,6.743,1099054779,1399.788,418294.0,1421.0,1409.8,1404.5,1392.3,1389.4,1387.7,1393.3,1391.3,1408.9,1399.7,418688.0,418584.0,417932.0,417964.0,418388.0,418020.0,418540.0,417772.0,418972.0,418080.0
23-06-15_14:47:15,lz4,262144,31457280,1,False,8.40,0.41,26.831,-2.038,1098921756,1350.260,457679.2,1363.2,1360.5,1350.5,1367.2,1365.8,1306.8,1342.5,1342.9,1346.9,1356.3,445700.0,446136.0,446204.0,445712.0,445968.0,497464.0,459788.0,497684.0,446064.0,446072.0
23-06-15_14:48:07,lz4,524288,20971520,1,True,13.08,0.55,34.691,4.010,1097420857,1433.937,430548.8,1436.8,1436.0,1426.3,1428.3,1423.7,1426.6,1445.8,1449.2,1427.7,1438.9,428904.0,428912.0,445940.0,428984.0,428924.0,428624.0,429136.0,428864.0,428672.0,428528.0
23-06-15_14:48:59,lz4,524288,31457280,1,False,10.87,0.51,32.380,-0.276,1097845581,1409.333,449776.8,1357.8,1419.8,1408.3,1397.8,1390.0,1416.3,1424.7,1428.2,1426.7,1423.8,449904.0,449132.0,449632.0,449724.0,449688.0,450304.0,450004.0,449792.0,449392.0,450196.0
23-06-15_14:49:53,lz4,524288,20971520,2,False,6.78,0.55,32.127,-12.335,1097420857,1406.645,503861.6,1367.2,1386.1,1410.8,1405.2,1389.2,1398.4,1421.8,1431.3,1436.7,1419.7,496748.0,514200.0,496176.0,497280.0,497236.0,513856.0,514084.0,497480.0,497296.0,514260.0
23-06-15_14:50:45,lz4,524288,31457280,1,False,10.80,0.51,32.227,-0.350,1097845581,1407.704,450106.4,1413.4,1393.7,1399.8,1422.3,1413.6,1406.1,1401.4,1410.1,1402.4,1414.3,450228.0,450120.0,450236.0,449996.0,450176.0,449848.0,449876.0,450204.0,450084.0,450296.0
23-06-15_14:51:38,lz4,524288,31457280,1,False,10.79,0.51,32.136,-0.284,1097845581,1406.737,449812.8,1415.6,1411.9,1406.2,1408.5,1390.1,1421.8,1411.2,1403.3,1401.4,1397.3,450116.0,449812.0,449636.0,450104.0,449528.0,450120.0,450408.0,449508.0,449720.0,449176.0
23-06-15_14:52:31,lz4,1048576,20971520,1,False,10.01,0.61,36.608,-7.199,1096766788,1454.346,480826.0,1468.3,1476.8,1446.8,1448.9,1461.2,1458.0,1452.2,1450.5,1435.1,1445.6,466308.0,450524.0,480712.0,516648.0,466160.0,466276.0,468076.0,481216.0,513956.0,498384.0
23-06-15_14:53:24,lz4,524288,20971520,2,False,7.85,0.55,34.201,-11.215,1097420857,1428.721,498840.8,1430.4,1438.9,1423.1,1431.7,1429.6,1418.8,1428.8,1432.2,1426.8,1426.8,497020.0,497820.0,496436.0,497236.0,497488.0,514548.0,497304.0,497060.0,497156.0,496340.0
23-06-15_14:54:16,lz4,262144,20971520,1,False,12.55,0.40,30.946,6.317,1099054779,1394.064,420204.0,1392.7,1387.1,1384.4,1395.0,1403.6,1392.6,1398.9,1392.8,1400.9,1392.6,418124.0,418808.0,418664.0,418204.0,418780.0,418412.0,418624.0,435680.0,418448.0,418296.0
23-06-15_14:55:09,lz4,524288,20971520,2,False,7.07,0.55,31.907,-11.244,1097420857,1404.302,498971.6,1395.7,1406.6,1422.3,1408.9,1392.7,1387.0,1400.7,1406.4,1403.9,1418.9,496788.0,497080.0,496848.0,497436.0,497484.0,497316.0,514368.0,497652.0,497404.0,497340.0
23-06-15_14:56:02,lz4,524288,31457280,1,False,10.85,0.51,32.337,-0.305,1097845581,1408.879,449906.0,1410.1,1418.1,1424.0,1412.2,1402.1,1408.6,1395.6,1397.0,1413.7,1407.5,449928.0,449632.0,449552.0,450036.0,450104.0,449812.0,449408.0,449928.0,450320.0,450340.0
23-06-15_14:56:55,lz4,524288,31457280,1,False,10.43,0.51,31.065,-0.299,1097845581,1395.337,449876.8,1397.1,1399.1,1392.0,1389.2,1398.8,1387.3,1407.2,1412.6,1376.3,1393.8,449720.0,449844.0,449812.0,450344.0,449800.0,450192.0,449832.0,449644.0,449932.0,449648.0
23-06-15_14:57:49,lz4,1048576,20971520,1,False,9.74,0.61,35.174,-6.562,1096766788,1439.083,477969.6,1450.0,1420.5,1429.7,1444.4,1444.2,1443.6,1446.8,1436.3,1433.7,1441.6,467036.0,498984.0,497152.0,466972.0,483632.0,465644.0,467104.0,497084.0,467984.0,468104.0
23-06-15_14:58:43,lz4,524288,20971520,2,False,7.44,0.55,33.008,-11.226,1097420857,1416.024,498887.6,1416.0,1396.6,1423.2,1413.6,1413.9,1425.3,1412.6,1420.5,1422.8,1415.7,496864.0,497388.0,497744.0,513780.0,497156.0,497568.0,497416.0,496832.0,497344.0,496784.0
23-06-15_14:59:36,lz4,524288,20971520,2,False,7.21,0.55,32.264,-11.194,1097420857,1408.100,498747.6,1433.7,1412.4,1414.5,1419.0,1388.0,1322.0,1421.7,1423.8,1417.4,1428.6,497412.0,497032.0,497252.0,497152.0,496432.0,496936.0,496720.0,496952.0,514508.0,497080.0
23-06-15_15:00:28,lz4,524288,31457280,1,False,10.48,0.51,31.205,-0.285,1097845581,1396.829,449816.0,1374.5,1403.2,1393.6,1402.2,1405.3,1405.1,1405.4,1379.4,1403.8,1395.9,448452.0,450236.0,450068.0,450012.0,450064.0,449680.0,449392.0,450368.0,450276.0,449612.0
23-06-15_15:01:21,lz4,524288,20971520,2,False,7.34,0.55,32.739,-11.279,1097420857,1413.156,499128.0,1389.9,1416.9,1406.8,1402.5,1397.0,1420.0,1410.3,1399.3,1477.9,1410.9,497192.0,497420.0,497360.0,497244.0,497576.0,497460.0,497232.0,497736.0,514756.0,497304.0
23-06-15_15:02:14,lz4,1048576,20971520,1,False,10.08,0.61,35.520,-5.887,1096766788,1442.760,474942.0,1420.6,1436.4,1459.3,1456.2,1466.7,1441.2,1445.8,1435.0,1431.0,1435.5,500784.0,484468.0,449544.0,465360.0,449640.0,468776.0,467732.0,481628.0,466384.0,515104.0
23-06-15_15:03:08,lz4,524288,20971520,2,False,6.33,0.55,29.960,-11.527,1097420857,1383.576,500241.6,1391.5,1359.1,1389.0,1398.0,1397.2,1391.0,1286.2,1371.1,1435.4,1417.2,496444.0,497256.0,497556.0,496564.0,513660.0,497016.0,513868.0,496484.0,497128.0,496440.0
23-06-15_15:04:01,lz4,524288,20971520,2,False,6.58,0.55,30.708,-11.531,1097420857,1391.534,500258.0,1381.2,1407.7,1417.2,1413.5,1302.1,1319.3,1421.4,1403.7,1442.4,1406.7,514256.0,497044.0,496864.0,513552.0,496492.0,496308.0,497272.0,496892.0,497876.0,496024.0
23-06-15_15:04:54,lz4,262144,20971520,1,False,12.69,0.40,30.923,6.759,1099054779,1393.824,418221.6,1405.7,1408.4,1406.0,1413.2,1389.2,1383.4,1393.3,1361.0,1386.7,1391.1,418340.0,418224.0,418408.0,418432.0,418716.0,417952.0,418512.0,418136.0,417704.0,417792.0
23-06-15_15:05:47,lz4,1048576,20971520,1,False,9.83,0.61,34.970,-6.086,1096766788,1436.909,475832.8,1454.9,1448.3,1453.6,1449.5,1410.0,1421.0,1442.4,1429.8,1431.1,1428.6,468020.0,466184.0,466380.0,464604.0,465724.0,495864.0,466236.0,483216.0,484260.0,497840.0
23-06-15_15:06:41,lz4,1048576,20971520,1,False,10.29,0.61,35.685,-5.416,1096766788,1444.525,472827.6,1455.4,1444.2,1441.1,1458.8,1433.5,1449.2,1402.0,1447.7,1443.7,1469.4,450720.0,467632.0,466200.0,467272.0,480908.0,450452.0,480880.0,497576.0,466608.0,500028.0
23-06-15_15:07:33,lz4,524288,31457280,1,False,10.53,0.51,32.504,-1.424,1097845581,1410.651,454923.6,1375.2,1404.0,1383.5,1427.7,1415.5,1419.9,1416.1,1427.2,1412.6,1424.8,449896.0,449968.0,501780.0,449716.0,449820.0,450124.0,449152.0,450044.0,449008.0,449728.0
23-06-15_15:08:25,lz4,524288,31457280,1,False,10.68,0.51,31.829,-0.309,1097845581,1403.470,449922.8,1363.5,1407.9,1375.3,1383.5,1411.3,1414.2,1426.3,1420.9,1414.8,1417.1,450056.0,449972.0,449668.0,449908.0,450072.0,449564.0,449912.0,450572.0,450036.0,449468.0
23-06-15_15:09:20,lz4,524288,31457280,1,False,10.32,0.51,30.724,-0.274,1097845581,1391.704,449764.8,1393.4,1394.0,1408.5,1380.8,1404.8,1387.4,1402.7,1380.4,1406.0,1359.1,449968.0,449996.0,450004.0,449508.0,449616.0,449916.0,449632.0,449396.0,449644.0,449968.0
23-06-15_15:10:13,lz4,524288,20971520,2,False,6.87,0.55,31.263,-11.195,1097420857,1397.445,498749.2,1399.6,1389.4,1416.5,1413.3,1375.4,1413.5,1405.7,1371.3,1390.8,1399.0,497336.0,496480.0,497332.0,497472.0,514076.0,497440.0,497192.0,497204.0,496444.0,496516.0
23-06-15_15:11:05,lz4,524288,31457280,1,False,9.98,0.51,30.844,-1.413,1097845581,1392.980,454874.4,1424.5,1412.5,1397.8,1385.0,1383.1,1389.2,1407.9,1379.4,1365.7,1384.6,449884.0,450100.0,449468.0,449912.0,475416.0,449268.0,449300.0,449864.0,449864.0,475668.0
23-06-15_15:11:58,lz4,262144,20971520,1,False,12.59,0.40,30.636,6.743,1099054779,1390.772,418292.0,1408.5,1395.8,1425.1,1395.4,1334.3,1403.5,1371.7,1385.0,1389.1,1399.3,418248.0,418488.0,417972.0,418560.0,417928.0,418020.0,418220.0,418268.0,419176.0,418040.0
23-06-15_15:12:50,lz4,524288,31457280,1,False,10.71,0.51,31.944,-0.319,1097845581,1404.696,449965.6,1421.6,1409.8,1398.2,1391.3,1400.5,1407.9,1407.0,1411.0,1406.1,1393.5,449864.0,450036.0,449572.0,450192.0,450016.0,450264.0,449936.0,450108.0,449656.0,450012.0
23-06-15_15:13:44,lz4,524288,20971520,2,False,7.06,0.55,31.425,-10.783,1097420857,1399.167,496904.4,1412.6,1394.9,1420.4,1417.1,1411.7,1380.7,1385.8,1388.6,1399.7,1380.2,496636.0,496564.0,497116.0,497048.0,496788.0,496880.0,497344.0,497240.0,496580.0,496848.0
23-06-15_15:14:39,lz4,1048576,20971520,1,False,10.75,0.61,35.593,-3.949,1096766788,1443.541,466250.0,1425.2,1447.9,1457.0,1434.5,1457.9,1437.8,1444.4,1437.8,1461.5,1431.4,467020.0,481516.0,451520.0,496744.0,450560.0,465876.0,466272.0,466132.0,451160.0,465700.0
23-06-15_15:15:33,lz4,1048576,20971520,1,False,9.87,0.61,34.331,-5.337,1096766788,1430.110,472473.2,1413.0,1436.6,1434.4,1444.4,1432.9,1425.6,1435.4,1438.5,1434.6,1405.7,499240.0,450112.0,465172.0,469048.0,497248.0,466596.0,466012.0,480656.0,449224.0,481424.0
23-06-15_15:16:26,lz4,524288,31457280,1,False,10.21,0.51,30.448,-0.324,1097845581,1388.764,449992.0,1393.2,1379.2,1371.1,1396.9,1389.0,1385.8,1400.7,1402.9,1387.7,1381.3,449876.0,450328.0,449916.0,450396.0,449908.0,450164.0,449880.0,449680.0,449960.0,449812.0
23-06-15_15:17:19,lz4,524288,20971520,2,False,7.33,0.55,32.243,-10.801,1097420857,1407.873,496982.8,1416.2,1408.2,1406.3,1406.2,1411.7,1408.3,1406.5,1415.3,1412.9,1387.2,497228.0,496904.0,497212.0,496220.0,496760.0,496940.0,497208.0,497148.0,497380.0,496828.0
23-06-15_15:18:13,lz4,524288,31457280,1,False,10.67,0.51,31.802,-0.302,1097845581,1403.181,449892.0,1384.2,1400.3,1388.8,1405.3,1404.9,1408.4,1420.2,1411.0,1400.9,1407.9,449324.0,449776.0,450108.0,450248.0,448952.0,450120.0,450064.0,450416.0,449788.0,450124.0
23-06-15_15:19:05,lz4,524288,20971520,2,False,7.59,0.55,33.077,-10.861,1097420857,1416.753,497252.8,1421.9,1423.1,1408.3,1408.6,1424.2,1411.8,1425.0,1426.9,1397.8,1419.8,497080.0,496620.0,497192.0,497328.0,497144.0,497420.0,497764.0,497628.0,496836.0,497516.0
23-06-15_15:19:58,lz4,524288,20971520,2,False,7.30,0.55,32.212,-10.848,1097420857,1407.542,497194.4,1395.7,1411.8,1415.1,1402.1,1407.4,1413.6,1397.9,1393.7,1416.0,1422.2,497584.0,496820.0,497140.0,497196.0,496764.0,497652.0,497124.0,497116.0,497172.0,497376.0
23-06-15_15:20:51,lz4,524288,20971520,2,False,7.55,0.55,32.976,-10.864,1097420857,1415.685,497265.2,1416.9,1410.8,1400.6,1423.7,1419.2,1419.6,1419.3,1424.5,1403.9,1418.4,497676.0,497940.0,497752.0,497568.0,497136.0,497272.0,496876.0,496768.0,497264.0,496400.0
23-06-15_15:21:45,lz4,524288,20971520,2,False,7.31,0.55,32.643,-11.265,1097420857,1412.138,499063.6,1412.6,1404.1,1408.5,1398.7,1416.4,1417.4,1410.3,1415.1,1419.1,1419.0,514184.0,497404.0,497756.0,497164.0,497416.0,497620.0,497108.0,497668.0,497040.0,497276.0
23-06-15_15:22:39,lz4,1048576,20971520,1,False,9.81,0.61,34.497,-5.687,1096766788,1431.872,474043.2,1425.8,1418.8,1437.6,1448.9,1436.7,1420.0,1427.5,1429.2,1438.9,1435.1,467740.0,482544.0,466840.0,465200.0,451332.0,480952.0,466012.0,496348.0,480828.0,482636.0
23-06-15_15:23:31,lz4,524288,31457280,1,False,10.49,0.51,31.213,-0.259,1097845581,1396.913,449699.6,1370.3,1381.6,1410.2,1408.2,1393.4,1398.2,1386.0,1415.2,1411.3,1394.6,449556.0,449728.0,449704.0,449700.0,449964.0,449768.0,449208.0,449616.0,450088.0,449664.0
23-06-15_15:24:25,lz4,1048576,20971520,1,False,10.34,0.61,35.277,-4.875,1096766788,1440.182,470402.8,1439.8,1430.1,1423.7,1442.8,1451.9,1443.7,1446.3,1440.6,1453.2,1429.7,466796.0,465968.0,468980.0,483536.0,466408.0,452432.0,467516.0,467016.0,466080.0,499296.0
23-06-15_15:25:18,lz4,524288,20971520,2,False,7.44,0.55,33.031,-11.266,1097420857,1416.267,499069.2,1422.6,1423.2,1421.0,1417.0,1428.6,1396.7,1415.2,1413.3,1405.1,1419.9,497048.0,497400.0,496900.0,497408.0,497752.0,497396.0,497540.0,514460.0,497740.0,497048.0
23-06-15_15:26:11,lz4,524288,20971520,2,False,7.63,0.55,33.223,-10.888,1097420857,1418.306,497372.8,1419.1,1423.4,1424.4,1421.4,1429.3,1413.4,1421.5,1394.3,1418.4,1418.0,497728.0,497788.0,497476.0,497196.0,497088.0,497088.0,497216.0,497280.0,497956.0,496912.0
23-06-15_15:27:04,lz4,524288,20971520,2,False,7.42,0.55,32.634,-10.923,1097420857,1412.036,497530.0,1418.3,1412.9,1410.3,1419.2,1423.0,1402.0,1412.0,1389.7,1416.1,1416.7,496744.0,497736.0,497500.0,497564.0,497372.0,497992.0,497496.0,497688.0,497472.0,497736.0
23-06-15_15:27:57,lz4,1048576,20971520,1,False,9.62,0.61,34.789,-6.552,1096766788,1434.984,477926.0,1441.3,1431.4,1439.5,1434.5,1417.0,1436.8,1431.1,1446.4,1451.9,1420.0,465284.0,481680.0,468900.0,497956.0,467728.0,498920.0,467088.0,465884.0,466388.0,499432.0
23-06-15_15:28:51,lz4,524288,31457280,1,False,10.37,0.51,31.469,-0.879,1097845581,1399.637,452480.4,1389.3,1398.0,1405.1,1400.5,1398.7,1394.8,1398.3,1415.5,1391.8,1404.5,475976.0,449832.0,450052.0,449676.0,449672.0,449924.0,450092.0,450052.0,449936.0,449592.0
23-06-15_15:29:44,lz4,524288,31457280,1,False,10.72,0.51,31.984,-0.333,1097845581,1405.121,450030.8,1397.2,1402.1,1403.8,1414.3,1405.2,1404.0,1408.9,1401.7,1404.8,1409.2,450072.0,449560.0,450124.0,450444.0,450192.0,449672.0,450148.0,449940.0,450004.0,450152.0
23-06-15_15:30:37,lz4,524288,20971520,2,False,7.31,0.55,32.646,-11.275,1097420857,1412.172,499108.4,1404.9,1403.6,1417.4,1413.5,1405.6,1422.5,1407.2,1414.5,1411.7,1420.9,497228.0,497492.0,497480.0,497628.0,497744.0,497756.0,497328.0,513828.0,497196.0,497404.0
